{"id":"testResource2","description":"","tags":[],"customField":{"domain":"testdomain.local:8080"},"links":{"properties":{"links":"/properties","title":"List of Properties","resource":{"Demo1":{"name":"Demo1","description":"none","value":"none"},"temperature":{"name":"temperature","description":"none","values":{"timestamp":"2018-11-05 14:29:57","temperature":26,"humidity":86}}}},"actions":{"links":"/actions","title":"List of actions","resource":{"Demo1":{"name":"Demo1","description":"none","value":"none"}}}}}